﻿<?xml version="1.0" encoding="utf-8"?>
<ImportExportXml xmlns:xsi="http://www.w3.org/2001/XMLSchema-instance">
  <Entities>
    <Entity>
      <Name LocalizedName="Channel Integration Framework v2.0 Provider" OriginalName="Channel Integration Framework v2.0 Provider">msdyn_channelprovider</Name>
      <EntityInfo>
        <entity Name="msdyn_channelprovider">
          <attributes>
            <attribute PhysicalName="msdyn_customparams">
              <Type>ntext</Type>
              <Name>msdyn_customparams</Name>
              <LogicalName>msdyn_customparams</LogicalName>
              <RequiredLevel>none</RequiredLevel>
              <DisplayMask>ValidForAdvancedFind|ValidForForm|ValidForGrid</DisplayMask>
              <ImeMode>auto</ImeMode>
              <ValidForUpdateApi>1</ValidForUpdateApi>
              <ValidForReadApi>1</ValidForReadApi>
              <ValidForCreateApi>1</ValidForCreateApi>
              <IsCustomField>1</IsCustomField>
              <IsAuditEnabled>1</IsAuditEnabled>
              <IsSecured>0</IsSecured>
              <IntroducedVersion>1.0.0.0</IntroducedVersion>
              <SourceType>0</SourceType>
              <IsGlobalFilterEnabled>0</IsGlobalFilterEnabled>
              <IsSortableEnabled>0</IsSortableEnabled>
              <IsDataSourceSecret>0</IsDataSourceSecret>
              <AutoNumberFormat></AutoNumberFormat>
              <IsSearchable>0</IsSearchable>
              <IsFilterable>0</IsFilterable>
              <IsRetrievable>0</IsRetrievable>
              <IsLocalizable>0</IsLocalizable>
              <Format>text</Format>
              <MaxLength>1048576</MaxLength>
              <displaynames>
                <displayname description="Custom Params" languagecode="1033" />
              </displaynames>
              <Descriptions>
                <Description description="This takes a text blob as input and Microsoft.CIFramework.getEnvironment will return this as value of the key customParams" languagecode="1033" />
              </Descriptions>
            </attribute>
          </attributes>
        </entity>
      </EntityInfo>
      <FormXml>
        <forms type="main">
          <systemform>
            <formid>{d54d2584-8562-4e73-93b7-973a224b5958}</formid>
            <IntroducedVersion>1.0.0.0</IntroducedVersion>
            <form headerdensity="HighWithControls" solutionaction="Modified">
              <tabs>
                <tab verticallayout="true" id="{97e3d557-1ee0-4c52-bc5a-11a61bf32a61}" IsUserDefined="1" ordinalvalue="0">
                  <columns>
                    <column width="100%" id="0">
                      <sections>
                        <section showlabel="false" showbar="false" IsUserDefined="0" id="{f95a54ca-da85-498e-ac3f-d6a8ab06ffc7}" ordinalvalue="0">
                          <rows>
                            <row>
                              <cell id="{3ae52e6a-0814-d208-7be7-13224282418b}" showlabel="true" locklevel="0" rowspan="22" ordinalvalue="10008" solutionaction="Modified" />
                            </row>
                          </rows>
                        </section>
                      </sections>
                    </column>
                  </columns>
                </tab>
              </tabs>
            </form>
          </systemform>
        </forms>
      </FormXml>
      <RibbonDiffXml>
        <CustomActions />
        <Templates>
          <RibbonTemplates Id="Mscrm.Templates"></RibbonTemplates>
        </Templates>
        <CommandDefinitions />
        <RuleDefinitions>
          <TabDisplayRules />
          <DisplayRules />
          <EnableRules />
        </RuleDefinitions>
        <LocLabels />
      </RibbonDiffXml>
    </Entity>
    <Entity>
      <Name LocalizedName="Channel Integration Framework v1.0 Provider" OriginalName="Channel Provider">msdyn_ciprovider</Name>
      <EntityInfo>
        <entity Name="msdyn_ciprovider">
          <attributes>
            <attribute PhysicalName="msdyn_customparams">
              <Type>nvarchar</Type>
              <Name>msdyn_customparams</Name>
              <LogicalName>msdyn_customparams</LogicalName>
              <RequiredLevel>none</RequiredLevel>
              <DisplayMask>ValidForAdvancedFind|ValidForForm|ValidForGrid</DisplayMask>
              <ImeMode>auto</ImeMode>
              <ValidForUpdateApi>1</ValidForUpdateApi>
              <ValidForReadApi>1</ValidForReadApi>
              <ValidForCreateApi>1</ValidForCreateApi>
              <IsCustomField>1</IsCustomField>
              <IsAuditEnabled>1</IsAuditEnabled>
              <IsSecured>0</IsSecured>
              <IntroducedVersion>1.0</IntroducedVersion>
              <SourceType>0</SourceType>
              <IsGlobalFilterEnabled>0</IsGlobalFilterEnabled>
              <IsSortableEnabled>0</IsSortableEnabled>
              <IsDataSourceSecret>0</IsDataSourceSecret>
              <AutoNumberFormat></AutoNumberFormat>
              <IsSearchable>0</IsSearchable>
              <IsFilterable>0</IsFilterable>
              <IsRetrievable>0</IsRetrievable>
              <IsLocalizable>0</IsLocalizable>
              <Format>text</Format>
              <MaxLength>4000</MaxLength>
              <Length>8000</Length>
              <displaynames>
                <displayname description="Custom Parameters" languagecode="1033" />
              </displaynames>
              <Descriptions>
                <Description description="Custom Parameters for the Widget to load" languagecode="1033" />
              </Descriptions>
            </attribute>
          </attributes>
        </entity>
      </EntityInfo>
      <RibbonDiffXml>
        <CustomActions />
        <Templates>
          <RibbonTemplates Id="Mscrm.Templates"></RibbonTemplates>
        </Templates>
        <CommandDefinitions />
        <RuleDefinitions>
          <TabDisplayRules />
          <DisplayRules />
          <EnableRules />
        </RuleDefinitions>
        <LocLabels />
      </RibbonDiffXml>
    </Entity>
    <Entity>
      <Name LocalizedName="Phone Call" OriginalName="">PhoneCall</Name>
      <EntityInfo>
        <entity Name="PhoneCall">
          <attributes>
            <attribute PhysicalName="wxcc_callstate">
              <Type>nvarchar</Type>
              <Name>wxcc_callstate</Name>
              <LogicalName>wxcc_callstate</LogicalName>
              <RequiredLevel>none</RequiredLevel>
              <DisplayMask>ValidForAdvancedFind|ValidForForm|ValidForGrid</DisplayMask>
              <ImeMode>auto</ImeMode>
              <ValidForUpdateApi>1</ValidForUpdateApi>
              <ValidForReadApi>1</ValidForReadApi>
              <ValidForCreateApi>1</ValidForCreateApi>
              <IsCustomField>1</IsCustomField>
              <IsAuditEnabled>1</IsAuditEnabled>
              <IsSecured>0</IsSecured>
              <IntroducedVersion>1.0.0.0</IntroducedVersion>
              <IsCustomizable>1</IsCustomizable>
              <IsRenameable>1</IsRenameable>
              <CanModifySearchSettings>1</CanModifySearchSettings>
              <CanModifyRequirementLevelSettings>1</CanModifyRequirementLevelSettings>
              <CanModifyAdditionalSettings>1</CanModifyAdditionalSettings>
              <SourceType>0</SourceType>
              <IsGlobalFilterEnabled>0</IsGlobalFilterEnabled>
              <IsSortableEnabled>0</IsSortableEnabled>
              <CanModifyGlobalFilterSettings>1</CanModifyGlobalFilterSettings>
              <CanModifyIsSortableSettings>1</CanModifyIsSortableSettings>
              <IsDataSourceSecret>0</IsDataSourceSecret>
              <AutoNumberFormat></AutoNumberFormat>
              <IsSearchable>0</IsSearchable>
              <IsFilterable>0</IsFilterable>
              <IsRetrievable>0</IsRetrievable>
              <IsLocalizable>0</IsLocalizable>
              <Format>text</Format>
              <MaxLength>100</MaxLength>
              <Length>200</Length>
              <displaynames>
                <displayname description="Call State" languagecode="1033" />
              </displaynames>
              <Descriptions>
                <Description description="" languagecode="1033" />
              </Descriptions>
            </attribute>
            <attribute PhysicalName="wxcc_CTIReferenceId">
              <Type>nvarchar</Type>
              <Name>wxcc_ctireferenceid</Name>
              <LogicalName>wxcc_ctireferenceid</LogicalName>
              <RequiredLevel>none</RequiredLevel>
              <DisplayMask>ValidForAdvancedFind|ValidForForm|ValidForGrid</DisplayMask>
              <ImeMode>auto</ImeMode>
              <ValidForUpdateApi>1</ValidForUpdateApi>
              <ValidForReadApi>1</ValidForReadApi>
              <ValidForCreateApi>1</ValidForCreateApi>
              <IsCustomField>1</IsCustomField>
              <IsAuditEnabled>1</IsAuditEnabled>
              <IsSecured>0</IsSecured>
              <IntroducedVersion>5.0.0.95928</IntroducedVersion>
              <IsCustomizable>0</IsCustomizable>
              <IsRenameable>1</IsRenameable>
              <CanModifySearchSettings>1</CanModifySearchSettings>
              <CanModifyRequirementLevelSettings>1</CanModifyRequirementLevelSettings>
              <CanModifyAdditionalSettings>1</CanModifyAdditionalSettings>
              <SourceType>0</SourceType>
              <IsGlobalFilterEnabled>0</IsGlobalFilterEnabled>
              <IsSortableEnabled>0</IsSortableEnabled>
              <CanModifyGlobalFilterSettings>1</CanModifyGlobalFilterSettings>
              <CanModifyIsSortableSettings>1</CanModifyIsSortableSettings>
              <IsDataSourceSecret>0</IsDataSourceSecret>
              <AutoNumberFormat></AutoNumberFormat>
              <IsSearchable>0</IsSearchable>
              <IsFilterable>0</IsFilterable>
              <IsRetrievable>0</IsRetrievable>
              <IsLocalizable>0</IsLocalizable>
              <Format>text</Format>
              <MaxLength>100</MaxLength>
              <Length>200</Length>
              <displaynames>
                <displayname description="CTI Reference Id" languagecode="1033" />
              </displaynames>
              <Descriptions>
                <Description description="" languagecode="1033" />
              </Descriptions>
            </attribute>
            <attribute PhysicalName="wxcc_durationonhold">
              <Type>decimal</Type>
              <Name>wxcc_durationonhold</Name>
              <LogicalName>wxcc_durationonhold</LogicalName>
              <RequiredLevel>none</RequiredLevel>
              <DisplayMask>ValidForAdvancedFind|ValidForForm|ValidForGrid</DisplayMask>
              <ImeMode>auto</ImeMode>
              <ValidForUpdateApi>1</ValidForUpdateApi>
              <ValidForReadApi>1</ValidForReadApi>
              <ValidForCreateApi>1</ValidForCreateApi>
              <IsCustomField>1</IsCustomField>
              <IsAuditEnabled>0</IsAuditEnabled>
              <IsSecured>0</IsSecured>
              <IntroducedVersion>5.8.0.1358</IntroducedVersion>
              <IsCustomizable>1</IsCustomizable>
              <IsRenameable>1</IsRenameable>
              <CanModifySearchSettings>1</CanModifySearchSettings>
              <CanModifyRequirementLevelSettings>1</CanModifyRequirementLevelSettings>
              <CanModifyAdditionalSettings>1</CanModifyAdditionalSettings>
              <SourceType>0</SourceType>
              <IsGlobalFilterEnabled>0</IsGlobalFilterEnabled>
              <IsSortableEnabled>0</IsSortableEnabled>
              <CanModifyGlobalFilterSettings>1</CanModifyGlobalFilterSettings>
              <CanModifyIsSortableSettings>1</CanModifyIsSortableSettings>
              <IsDataSourceSecret>0</IsDataSourceSecret>
              <AutoNumberFormat></AutoNumberFormat>
              <IsSearchable>0</IsSearchable>
              <IsFilterable>0</IsFilterable>
              <IsRetrievable>0</IsRetrievable>
              <IsLocalizable>0</IsLocalizable>
              <MinValue>0</MinValue>
              <MaxValue>10000</MaxValue>
              <Accuracy>0</Accuracy>
              <displaynames>
                <displayname description="Duration on Hold" languagecode="1033" />
              </displaynames>
              <Descriptions>
                <Description description="" languagecode="1033" />
              </Descriptions>
            </attribute>
            <attribute PhysicalName="wxcc_enddatetime">
              <Type>datetime</Type>
              <Name>wxcc_enddatetime</Name>
              <LogicalName>wxcc_enddatetime</LogicalName>
              <RequiredLevel>none</RequiredLevel>
              <DisplayMask>ValidForAdvancedFind|ValidForForm|ValidForGrid</DisplayMask>
              <ImeMode>auto</ImeMode>
              <ValidForUpdateApi>1</ValidForUpdateApi>
              <ValidForReadApi>1</ValidForReadApi>
              <ValidForCreateApi>1</ValidForCreateApi>
              <IsCustomField>1</IsCustomField>
              <IsAuditEnabled>1</IsAuditEnabled>
              <IsSecured>0</IsSecured>
              <IntroducedVersion>5.8.0.1407</IntroducedVersion>
              <IsCustomizable>1</IsCustomizable>
              <IsRenameable>1</IsRenameable>
              <CanModifySearchSettings>1</CanModifySearchSettings>
              <CanModifyRequirementLevelSettings>1</CanModifyRequirementLevelSettings>
              <CanModifyAdditionalSettings>1</CanModifyAdditionalSettings>
              <SourceType>0</SourceType>
              <IsGlobalFilterEnabled>0</IsGlobalFilterEnabled>
              <IsSortableEnabled>0</IsSortableEnabled>
              <CanModifyGlobalFilterSettings>1</CanModifyGlobalFilterSettings>
              <CanModifyIsSortableSettings>1</CanModifyIsSortableSettings>
              <IsDataSourceSecret>0</IsDataSourceSecret>
              <AutoNumberFormat></AutoNumberFormat>
              <IsSearchable>1</IsSearchable>
              <IsFilterable>0</IsFilterable>
              <IsRetrievable>0</IsRetrievable>
              <IsLocalizable>0</IsLocalizable>
              <Format>datetime</Format>
              <CanChangeDateTimeBehavior>1</CanChangeDateTimeBehavior>
              <Behavior>1</Behavior>
              <displaynames>
                <displayname description="End Date and Time" languagecode="1033" />
              </displaynames>
              <Descriptions>
                <Description description="" languagecode="1033" />
              </Descriptions>
            </attribute>
            <attribute PhysicalName="wxcc_startdatetime">
              <Type>datetime</Type>
              <Name>wxcc_startdatetime</Name>
              <LogicalName>wxcc_startdatetime</LogicalName>
              <RequiredLevel>none</RequiredLevel>
              <DisplayMask>ValidForAdvancedFind|ValidForForm|ValidForGrid</DisplayMask>
              <ImeMode>auto</ImeMode>
              <ValidForUpdateApi>1</ValidForUpdateApi>
              <ValidForReadApi>1</ValidForReadApi>
              <ValidForCreateApi>1</ValidForCreateApi>
              <IsCustomField>1</IsCustomField>
              <IsAuditEnabled>1</IsAuditEnabled>
              <IsSecured>0</IsSecured>
              <IntroducedVersion>5.8.0.1407</IntroducedVersion>
              <IsCustomizable>1</IsCustomizable>
              <IsRenameable>1</IsRenameable>
              <CanModifySearchSettings>1</CanModifySearchSettings>
              <CanModifyRequirementLevelSettings>1</CanModifyRequirementLevelSettings>
              <CanModifyAdditionalSettings>1</CanModifyAdditionalSettings>
              <SourceType>0</SourceType>
              <IsGlobalFilterEnabled>0</IsGlobalFilterEnabled>
              <IsSortableEnabled>0</IsSortableEnabled>
              <CanModifyGlobalFilterSettings>1</CanModifyGlobalFilterSettings>
              <CanModifyIsSortableSettings>1</CanModifyIsSortableSettings>
              <IsDataSourceSecret>0</IsDataSourceSecret>
              <AutoNumberFormat></AutoNumberFormat>
              <IsSearchable>1</IsSearchable>
              <IsFilterable>0</IsFilterable>
              <IsRetrievable>0</IsRetrievable>
              <IsLocalizable>0</IsLocalizable>
              <Format>datetime</Format>
              <CanChangeDateTimeBehavior>1</CanChangeDateTimeBehavior>
              <Behavior>1</Behavior>
              <displaynames>
                <displayname description="Start Date and Time" languagecode="1033" />
              </displaynames>
              <Descriptions>
                <Description description="" languagecode="1033" />
              </Descriptions>
            </attribute>
            <attribute PhysicalName="wxcc_timesonhold">
              <Type>decimal</Type>
              <Name>wxcc_timesonhold</Name>
              <LogicalName>wxcc_timesonhold</LogicalName>
              <RequiredLevel>none</RequiredLevel>
              <DisplayMask>ValidForAdvancedFind|ValidForForm|ValidForGrid</DisplayMask>
              <ImeMode>auto</ImeMode>
              <ValidForUpdateApi>1</ValidForUpdateApi>
              <ValidForReadApi>1</ValidForReadApi>
              <ValidForCreateApi>1</ValidForCreateApi>
              <IsCustomField>1</IsCustomField>
              <IsAuditEnabled>1</IsAuditEnabled>
              <IsSecured>0</IsSecured>
              <IntroducedVersion>5.8.0.1358</IntroducedVersion>
              <IsCustomizable>1</IsCustomizable>
              <IsRenameable>1</IsRenameable>
              <CanModifySearchSettings>1</CanModifySearchSettings>
              <CanModifyRequirementLevelSettings>1</CanModifyRequirementLevelSettings>
              <CanModifyAdditionalSettings>1</CanModifyAdditionalSettings>
              <SourceType>0</SourceType>
              <IsGlobalFilterEnabled>0</IsGlobalFilterEnabled>
              <IsSortableEnabled>0</IsSortableEnabled>
              <CanModifyGlobalFilterSettings>1</CanModifyGlobalFilterSettings>
              <CanModifyIsSortableSettings>1</CanModifyIsSortableSettings>
              <IsDataSourceSecret>0</IsDataSourceSecret>
              <AutoNumberFormat></AutoNumberFormat>
              <IsSearchable>0</IsSearchable>
              <IsFilterable>0</IsFilterable>
              <IsRetrievable>0</IsRetrievable>
              <IsLocalizable>0</IsLocalizable>
              <MinValue>0</MinValue>
              <MaxValue>1000</MaxValue>
              <Accuracy>0</Accuracy>
              <displaynames>
                <displayname description="Times on Hold" languagecode="1033" />
              </displaynames>
              <Descriptions>
                <Description description="" languagecode="1033" />
              </Descriptions>
            </attribute>
          </attributes>
        </entity>
      </EntityInfo>
      <FormXml>
        <forms type="main">
          <systemform>
            <formid>{cdc622ea-2a17-4cc3-9605-44564d56cea7}</formid>
            <IntroducedVersion>8.0.0.0</IntroducedVersion>
            <FormPresentation>2</FormPresentation>
            <FormActivationState>1</FormActivationState>
            <form headerdensity="HighWithControls" solutionaction="Modified">
              <tabs>
                <tab name="tab_2" id="{72000aca-e9ad-80c0-7442-50806ee68727}" IsUserDefined="0" locklevel="0" showlabel="false" ordinalvalue="0">
                  <columns>
                    <column width="34%" id="0">
                      <sections>
                        <section name="tab_2_section_1" showlabel="true" showbar="false" locklevel="0" id="{5214c71a-6cee-840e-4122-357aad4802ea}" IsUserDefined="0" layout="varwidth" columns="1" labelwidth="115" celllabelalignment="Left" celllabelposition="Left" ordinalvalue="0">
                          <rows>
                            <row>
                              <cell id="{541082ce-c630-0400-8b63-0264eca974b9}" showlabel="false" ordinalvalue="10000">
                                <labels>
                                  <label description="Regarding" languagecode="1033" solutionaction="Added" />
                                </labels>
                              </cell>
                            </row>
                          </rows>
                        </section>
                        <section name="tab_2_section_5" id="9032bc27-24f4-4a98-a918-88cf87c619b0" IsUserDefined="0" locklevel="0" showlabel="true" showbar="false" layout="varwidth" celllabelalignment="Left" celllabelposition="Left" columns="1" labelwidth="115" ordinalvalue="1" solutionaction="Added">
                          <labels>
                            <label description="Call Time Data" languagecode="1025" />
                            <label description="Call Time Data" languagecode="1026" />
                            <label description="Call Time Data" languagecode="1027" />
                            <label description="Call Time Data" languagecode="1028" />
                            <label description="Call Time Data" languagecode="1029" />
                            <label description="Call Time Data" languagecode="1030" />
                            <label description="Call Time Data" languagecode="1031" />
                            <label description="Call Time Data" languagecode="1032" />
                            <label description="Call Time Data" languagecode="1033" />
                            <label description="Call Time Data" languagecode="1034" />
                            <label description="Call Time Data" languagecode="1035" />
                            <label description="Call Time Data" languagecode="1036" />
                            <label description="Call Time Data" languagecode="1037" />
                            <label description="Call Time Data" languagecode="1038" />
                            <label description="Call Time Data" languagecode="1039" />
                            <label description="Call Time Data" languagecode="1040" />
                            <label description="Call Time Data" languagecode="1041" />
                            <label description="Call Time Data" languagecode="1042" />
                            <label description="Call Time Data" languagecode="1043" />
                            <label description="Call Time Data" languagecode="1044" />
                            <label description="Call Time Data" languagecode="1045" />
                            <label description="Call Time Data" languagecode="1046" />
                            <label description="Call Time Data" languagecode="1047" />
                            <label description="Call Time Data" languagecode="1048" />
                            <label description="Call Time Data" languagecode="1049" />
                            <label description="Call Time Data" languagecode="1050" />
                            <label description="Call Time Data" languagecode="1051" />
                            <label description="Call Time Data" languagecode="1052" />
                            <label description="Call Time Data" languagecode="1053" />
                            <label description="Call Time Data" languagecode="1054" />
                            <label description="Call Time Data" languagecode="1055" />
                            <label description="Call Time Data" languagecode="1056" />
                            <label description="Call Time Data" languagecode="1057" />
                            <label description="Call Time Data" languagecode="1058" />
                            <label description="Call Time Data" languagecode="1059" />
                            <label description="Call Time Data" languagecode="1060" />
                            <label description="Call Time Data" languagecode="1061" />
                            <label description="Call Time Data" languagecode="1062" />
                            <label description="Call Time Data" languagecode="1063" />
                            <label description="Call Time Data" languagecode="1064" />
                            <label description="Call Time Data" languagecode="1065" />
                            <label description="Call Time Data" languagecode="1066" />
                            <label description="Call Time Data" languagecode="1067" />
                            <label description="Call Time Data" languagecode="1068" />
                            <label description="Call Time Data" languagecode="1069" />
                            <label description="Call Time Data" languagecode="1070" />
                            <label description="Call Time Data" languagecode="1071" />
                            <label description="Call Time Data" languagecode="1072" />
                            <label description="Call Time Data" languagecode="1073" />
                            <label description="Call Time Data" languagecode="1074" />
                            <label description="Call Time Data" languagecode="1075" />
                            <label description="Call Time Data" languagecode="1076" />
                            <label description="Call Time Data" languagecode="1077" />
                            <label description="Call Time Data" languagecode="1078" />
                            <label description="Call Time Data" languagecode="1079" />
                            <label description="Call Time Data" languagecode="1080" />
                            <label description="Call Time Data" languagecode="1081" />
                            <label description="Call Time Data" languagecode="1082" />
                            <label description="Call Time Data" languagecode="1083" />
                            <label description="Call Time Data" languagecode="1084" />
                            <label description="Call Time Data" languagecode="1085" />
                            <label description="Call Time Data" languagecode="1086" />
                            <label description="Call Time Data" languagecode="1087" />
                            <label description="Call Time Data" languagecode="1088" />
                            <label description="Call Time Data" languagecode="1089" />
                            <label description="Call Time Data" languagecode="1090" />
                            <label description="Call Time Data" languagecode="1091" />
                            <label description="Call Time Data" languagecode="1092" />
                            <label description="Call Time Data" languagecode="1093" />
                            <label description="Call Time Data" languagecode="1094" />
                            <label description="Call Time Data" languagecode="1095" />
                            <label description="Call Time Data" languagecode="1096" />
                            <label description="Call Time Data" languagecode="1097" />
                            <label description="Call Time Data" languagecode="1098" />
                            <label description="Call Time Data" languagecode="1099" />
                            <label description="Call Time Data" languagecode="1100" />
                            <label description="Call Time Data" languagecode="1101" />
                            <label description="Call Time Data" languagecode="1102" />
                            <label description="Call Time Data" languagecode="1103" />
                            <label description="Call Time Data" languagecode="1104" />
                            <label description="Call Time Data" languagecode="1105" />
                            <label description="Call Time Data" languagecode="1106" />
                            <label description="Call Time Data" languagecode="1107" />
                            <label description="Call Time Data" languagecode="1108" />
                            <label description="Call Time Data" languagecode="1109" />
                            <label description="Call Time Data" languagecode="1110" />
                            <label description="Call Time Data" languagecode="1111" />
                            <label description="Call Time Data" languagecode="1112" />
                            <label description="Call Time Data" languagecode="1113" />
                            <label description="Call Time Data" languagecode="1114" />
                            <label description="Call Time Data" languagecode="1115" />
                            <label description="Call Time Data" languagecode="1116" />
                            <label description="Call Time Data" languagecode="1117" />
                            <label description="Call Time Data" languagecode="1118" />
                            <label description="Call Time Data" languagecode="1119" />
                            <label description="Call Time Data" languagecode="1120" />
                            <label description="Call Time Data" languagecode="1121" />
                            <label description="Call Time Data" languagecode="1122" />
                            <label description="Call Time Data" languagecode="1123" />
                            <label description="Call Time Data" languagecode="1124" />
                            <label description="Call Time Data" languagecode="1125" />
                            <label description="Call Time Data" languagecode="1126" />
                            <label description="Call Time Data" languagecode="1127" />
                            <label description="Call Time Data" languagecode="1128" />
                            <label description="Call Time Data" languagecode="1129" />
                            <label description="Call Time Data" languagecode="1130" />
                            <label description="Call Time Data" languagecode="1131" />
                            <label description="Call Time Data" languagecode="1132" />
                            <label description="Call Time Data" languagecode="1136" />
                            <label description="Call Time Data" languagecode="1137" />
                            <label description="Call Time Data" languagecode="1138" />
                            <label description="Call Time Data" languagecode="1139" />
                            <label description="Call Time Data" languagecode="1140" />
                            <label description="Call Time Data" languagecode="1141" />
                            <label description="Call Time Data" languagecode="1142" />
                            <label description="Call Time Data" languagecode="1143" />
                            <label description="Call Time Data" languagecode="1144" />
                            <label description="Call Time Data" languagecode="1145" />
                            <label description="Call Time Data" languagecode="1152" />
                            <label description="Call Time Data" languagecode="1153" />
                            <label description="Call Time Data" languagecode="2049" />
                            <label description="Call Time Data" languagecode="2052" />
                            <label description="Call Time Data" languagecode="2055" />
                            <label description="Call Time Data" languagecode="2057" />
                            <label description="Call Time Data" languagecode="2058" />
                            <label description="Call Time Data" languagecode="2060" />
                            <label description="Call Time Data" languagecode="2064" />
                            <label description="Call Time Data" languagecode="2067" />
                            <label description="Call Time Data" languagecode="2068" />
                            <label description="Call Time Data" languagecode="2070" />
                            <label description="Call Time Data" languagecode="2072" />
                            <label description="Call Time Data" languagecode="2073" />
                            <label description="Call Time Data" languagecode="2074" />
                            <label description="Call Time Data" languagecode="2077" />
                            <label description="Call Time Data" languagecode="2080" />
                            <label description="Call Time Data" languagecode="2092" />
                            <label description="Call Time Data" languagecode="2108" />
                            <label description="Call Time Data" languagecode="2110" />
                            <label description="Call Time Data" languagecode="2115" />
                            <label description="Call Time Data" languagecode="2117" />
                            <label description="Call Time Data" languagecode="2118" />
                            <label description="Call Time Data" languagecode="2128" />
                            <label description="Call Time Data" languagecode="2129" />
                            <label description="Call Time Data" languagecode="2137" />
                            <label description="Call Time Data" languagecode="2143" />
                            <label description="Call Time Data" languagecode="2144" />
                            <label description="Call Time Data" languagecode="2145" />
                            <label description="Call Time Data" languagecode="2155" />
                            <label description="Call Time Data" languagecode="2163" />
                            <label description="Call Time Data" languagecode="3073" />
                            <label description="Call Time Data" languagecode="3076" />
                            <label description="Call Time Data" languagecode="3079" />
                            <label description="Call Time Data" languagecode="3081" />
                            <label description="Call Time Data" languagecode="3082" />
                            <label description="Call Time Data" languagecode="3084" />
                            <label description="Call Time Data" languagecode="3098" />
                            <label description="Call Time Data" languagecode="3179" />
                            <label description="Call Time Data" languagecode="4097" />
                            <label description="Call Time Data" languagecode="4100" />
                            <label description="Call Time Data" languagecode="4103" />
                            <label description="Call Time Data" languagecode="4105" />
                            <label description="Call Time Data" languagecode="4106" />
                            <label description="Call Time Data" languagecode="4108" />
                            <label description="Call Time Data" languagecode="4122" />
                            <label description="Call Time Data" languagecode="5121" />
                            <label description="Call Time Data" languagecode="5124" />
                            <label description="Call Time Data" languagecode="5127" />
                            <label description="Call Time Data" languagecode="5129" />
                            <label description="Call Time Data" languagecode="5130" />
                            <label description="Call Time Data" languagecode="5132" />
                            <label description="Call Time Data" languagecode="5146" />
                            <label description="Call Time Data" languagecode="6145" />
                            <label description="Call Time Data" languagecode="6153" />
                            <label description="Call Time Data" languagecode="6154" />
                            <label description="Call Time Data" languagecode="6156" />
                            <label description="Call Time Data" languagecode="7169" />
                            <label description="Call Time Data" languagecode="7177" />
                            <label description="Call Time Data" languagecode="7178" />
                            <label description="Call Time Data" languagecode="7180" />
                            <label description="Call Time Data" languagecode="8193" />
                            <label description="Call Time Data" languagecode="8201" />
                            <label description="Call Time Data" languagecode="8202" />
                            <label description="Call Time Data" languagecode="8204" />
                            <label description="Call Time Data" languagecode="9217" />
                            <label description="Call Time Data" languagecode="9225" />
                            <label description="Call Time Data" languagecode="9226" />
                            <label description="Call Time Data" languagecode="9228" />
                            <label description="Call Time Data" languagecode="10241" />
                            <label description="Call Time Data" languagecode="10249" />
                            <label description="Call Time Data" languagecode="10250" />
                            <label description="Call Time Data" languagecode="10252" />
                            <label description="Call Time Data" languagecode="11265" />
                            <label description="Call Time Data" languagecode="11273" />
                            <label description="Call Time Data" languagecode="11274" />
                            <label description="Call Time Data" languagecode="11276" />
                            <label description="Call Time Data" languagecode="12289" />
                            <label description="Call Time Data" languagecode="12297" />
                            <label description="Call Time Data" languagecode="12298" />
                            <label description="Call Time Data" languagecode="12300" />
                            <label description="Call Time Data" languagecode="13313" />
                            <label description="Call Time Data" languagecode="13321" />
                            <label description="Call Time Data" languagecode="13322" />
                            <label description="Call Time Data" languagecode="13324" />
                            <label description="Call Time Data" languagecode="14337" />
                            <label description="Call Time Data" languagecode="14345" />
                            <label description="Call Time Data" languagecode="14346" />
                            <label description="Call Time Data" languagecode="14348" />
                            <label description="Call Time Data" languagecode="15361" />
                            <label description="Call Time Data" languagecode="15369" />
                            <label description="Call Time Data" languagecode="15370" />
                            <label description="Call Time Data" languagecode="15372" />
                            <label description="Call Time Data" languagecode="16385" />
                            <label description="Call Time Data" languagecode="16393" />
                            <label description="Call Time Data" languagecode="16394" />
                            <label description="Call Time Data" languagecode="17417" />
                            <label description="Call Time Data" languagecode="17418" />
                            <label description="Call Time Data" languagecode="18441" />
                            <label description="Call Time Data" languagecode="18442" />
                            <label description="Call Time Data" languagecode="19466" />
                            <label description="Call Time Data" languagecode="20490" />
                            <label description="Call Time Data" languagecode="21514" />
                            <label description="Call Time Data" languagecode="58378" />
                            <label description="Call Time Data" languagecode="58380" />
                          </labels>
                          <rows>
                            <row>
                              <cell id="{dbb2b867-ef23-4d0b-b059-ca31ee6970f8}" locklevel="0" colspan="1" rowspan="1" ordinalvalue="10000">
                                <labels>
                                  <label description="Start Date and Time" languagecode="1033" />
                                </labels>
                                <control id="wxcc_startdatetime" classid="{5B773807-9FB2-42DB-97C3-7A91EFF8ADFF}" datafieldname="wxcc_startdatetime" disabled="false" />
                              </cell>
                            </row>
                            <row>
                              <cell id="{efb52c24-dcce-4aaa-ae16-893446198801}" locklevel="0" colspan="1" rowspan="1" ordinalvalue="10001">
                                <labels>
                                  <label description="End Date and Time" languagecode="1033" />
                                </labels>
                                <control id="wxcc_enddatetime" classid="{5B773807-9FB2-42DB-97C3-7A91EFF8ADFF}" datafieldname="wxcc_enddatetime" disabled="false" />
                              </cell>
                            </row>
                            <row>
                              <cell id="{ed530ddd-8c99-ad1b-1d0e-513406221c51}" showlabel="true" locklevel="0" colspan="1" rowspan="1" ordinalvalue="10002">
                                <labels>
                                  <label description="Duration" languagecode="1033" />
                                </labels>
                                <control id="actualdurationminutes" classid="{AA987274-CE4E-4271-A803-66164311A958}" datafieldname="actualdurationminutes" disabled="false" />
                              </cell>
                            </row>
                            <row>
                              <cell id="{6c482871-d1d5-400a-8651-6755048acc6a}" locklevel="0" colspan="1" rowspan="1" ordinalvalue="10003">
                                <labels>
                                  <label description="Duration on Hold (in seconds)" languagecode="1033" />
                                </labels>
                                <control id="wxcc_durationonhold" classid="{C3EFE0C3-0EC6-42BE-8349-CBD9079DFD8E}" datafieldname="wxcc_durationonhold" disabled="false" />
                              </cell>
                            </row>
                            <row>
                              <cell id="{5f296739-4026-41d4-9c86-30cf2bec2d09}" locklevel="0" colspan="1" rowspan="1" ordinalvalue="10004">
                                <labels>
                                  <label description="Times on Hold" languagecode="1033" />
                                </labels>
                                <control id="wxcc_timesonhold" classid="{C3EFE0C3-0EC6-42BE-8349-CBD9079DFD8E}" datafieldname="wxcc_timesonhold" disabled="false" />
                              </cell>
                            </row>
                          </rows>
                        </section>
                      </sections>
                    </column>
                    <column width="66%" id="1">
                      <sections>
                        <section name="tab_2_section_4" showlabel="true" showbar="false" locklevel="0" id="{4c68112c-6dee-35dc-4bc4-1c20c9c90b0b}" IsUserDefined="0" layout="varwidth" columns="1" labelwidth="115" celllabelalignment="Left" celllabelposition="Left" ordinalvalue="0">
                          <rows>
                            <row>
                              <cell id="{2b802144-5ab5-9e4b-d959-33c30a86663d}" showlabel="true" locklevel="0" ordinalvalue="10000">
                                <labels>
                                  <label description="Subject" languagecode="1033" solutionaction="Added" />
                                </labels>
                              </cell>
                            </row>
                            <row>
                              <cell id="{9947d509-dcde-88b8-9438-9d35228b1921}" showlabel="true" locklevel="0" ordinalvalue="10001">
                                <labels>
                                  <label description="Call From" languagecode="1033" solutionaction="Added" />
                                </labels>
                              </cell>
                            </row>
                            <row>
                              <cell id="{c2ab1e94-3115-a93b-76d2-87ac14ed06e6}" showlabel="true" locklevel="0" ordinalvalue="10002">
                                <labels>
                                  <label description="Call To" languagecode="1033" solutionaction="Added" />
                                </labels>
                              </cell>
                            </row>
                            <row>
                              <cell id="{9900659c-e897-398d-8de1-0e6c0a2a5bb4}" showlabel="true" locklevel="0" ordinalvalue="10003">
                                <labels>
                                  <label description="Phone Number" languagecode="1033" solutionaction="Added" />
                                </labels>
                              </cell>
                            </row>
                            <row>
                              <cell id="{835d3e9c-1210-991a-1741-b623485ba54a}" showlabel="true" locklevel="0" ordinalvalue="10004">
                                <labels>
                                  <label description="Direction" languagecode="1033" solutionaction="Added" />
                                </labels>
                              </cell>
                            </row>
                            <row>
                              <cell id="{ed530ddd-8c99-ad1b-1d0e-513406221c51}" showlabel="true" locklevel="0" ordinalvalue="10005" solutionaction="Removed" />
                            </row>
                            <row>
                              <cell id="{e1e09a35-c855-1cc0-c6c9-29770127a23c}" showlabel="true" locklevel="0" ordinalvalue="10006">
                                <labels>
                                  <label description="Regarding" languagecode="1033" solutionaction="Added" />
                                </labels>
                              </cell>
                            </row>
                            <row>
                              <cell id="{d1568cb1-90e4-90ed-6967-7de0e29ebc65}" showlabel="true" locklevel="0" ordinalvalue="10005" solutionaction="Added">
                                <labels>
                                  <label description="Call State" languagecode="1033" />
                                </labels>
                                <control id="wxcc_callstate" classid="{4273EDBD-AC1D-40d3-9FB2-095C621B552D}" datafieldname="wxcc_callstate" disabled="false" />
                              </cell>
                            </row>
                          </rows>
                        </section>
                        <section name="tab_2_section_2" showlabel="true" showbar="false" locklevel="0" id="{e50828bb-0980-85b9-bb18-ce02dc316ac7}" IsUserDefined="0" layout="varwidth" columns="1" labelwidth="115" celllabelalignment="Left" celllabelposition="Left" ordinalvalue="1">
                          <rows>
                            <row>
                              <cell id="{a8698695-43b6-8c1c-23c6-b2c42b4c93c5}" showlabel="false" locklevel="0" availableforphone="true" rowspan="3" ordinalvalue="10000">
                                <labels>
                                  <label description="Description" languagecode="1033" solutionaction="Added" />
                                </labels>
                              </cell>
                            </row>
                          </rows>
                        </section>
                      </sections>
                    </column>
                  </columns>
                </tab>
              </tabs>
              <header id="{09551d42-44c9-4519-8a90-d6661ff5d13d}" celllabelposition="Top" columns="1111" labelwidth="115">
                <rows>
                  <row>
                    <cell id="{7447241d-037b-a4ea-7e7e-1146b95ab4d1}" showlabel="true" locklevel="0" ordinalvalue="10000">
                      <labels>
                        <label description="Priority" languagecode="1033" solutionaction="Added" />
                      </labels>
                    </cell>
                    <cell id="{100dd286-6c63-b93a-585d-5a879252e6a3}" showlabel="true" locklevel="0" ordinalvalue="20001">
                      <labels>
                        <label description="Due" languagecode="1033" solutionaction="Added" />
                      </labels>
                    </cell>
                    <cell id="{aca4415e-8e64-3d4e-a756-25ad1c365806}" showlabel="true" locklevel="0" ordinalvalue="40003">
                      <labels>
                        <label description="Owner" languagecode="1033" solutionaction="Added" />
                      </labels>
                    </cell>
                  </row>
                </rows>
              </header>
            </form>
            <LocalizedNames>
              <LocalizedName description="Phone Call for Interactive experience" languagecode="1033" />
            </LocalizedNames>
            <Descriptions>
              <Description description="Default Interactive experience Phone Call form." languagecode="1033" />
            </Descriptions>
          </systemform>
        </forms>
      </FormXml>
      <RibbonDiffXml>
        <CustomActions />
        <Templates>
          <RibbonTemplates Id="Mscrm.Templates"></RibbonTemplates>
        </Templates>
        <CommandDefinitions />
        <RuleDefinitions>
          <TabDisplayRules />
          <DisplayRules />
          <EnableRules />
        </RuleDefinitions>
        <LocLabels />
      </RibbonDiffXml>
    </Entity>
  </Entities>
  <Roles />
  <Workflows />
  <FieldSecurityProfiles />
  <Templates />
  <EntityMaps />
  <EntityRelationships />
  <OrganizationSettings />
  <optionsets />
  <CustomControls />
  <AppModules>
    <AppModule>
      <UniqueName>msdyn_ChannelIntegrationFrameworkApp</UniqueName>
      <IntroducedVersion>1.0</IntroducedVersion>
      <WebResourceId>25665edf-3868-4378-9852-e2b59b1bdd9f</WebResourceId>
      <OptimizedFor></OptimizedFor>
      <statecode>0</statecode>
      <statuscode>1</statuscode>
      <FormFactor>1</FormFactor>
      <ClientType>4</ClientType>
      <NavigationType>0</NavigationType>
      <AppModuleComponents />
      <LocalizedNames>
        <LocalizedName description="Channel Integration Framework" languagecode="1033" />
      </LocalizedNames>
      <Descriptions>
        <Description description="Bring your communication channels and build immersive experience with Dynamics 365" languagecode="1033" />
      </Descriptions>
    </AppModule>
  </AppModules>
  <EntityDataProviders />
  <Languages>
    <Language>1033</Language>
  </Languages>
</ImportExportXml>