﻿<?xml version="1.0" encoding="utf-8"?>
<ImportExportXml version="9.2.24044.184" SolutionPackageVersion="9.2" languagecode="1033" generatedBy="CrmLive" xmlns:xsi="http://www.w3.org/2001/XMLSchema-instance">
  <SolutionManifest>
    <UniqueName>WebexContactCenterforMicrosoftDynamics365</UniqueName>
    <LocalizedNames>
      <LocalizedName description="Webex Contact Center for Microsoft Dynamics 365" languagecode="1033" />
    </LocalizedNames>
    <Descriptions />
    <Version>1.0.0.0</Version>
    <Managed>1</Managed>
    <Publisher>
      <UniqueName>WebexContactCenterForMicrosoftDynamics365</UniqueName>
      <LocalizedNames>
        <LocalizedName description="Webex Contact Center for Microsoft Dynamics 365" languagecode="1033" />
      </LocalizedNames>
      <Descriptions />
      <EMailAddress>adikchan@cisco.com</EMailAddress>
      <SupportingWebsiteUrl xsi:nil="true"></SupportingWebsiteUrl>
      <CustomizationPrefix>wxcc</CustomizationPrefix>
      <CustomizationOptionValuePrefix>78529</CustomizationOptionValuePrefix>
      <Addresses>
        <Address>
          <AddressNumber>1</AddressNumber>
          <AddressTypeCode>1</AddressTypeCode>
          <City xsi:nil="true"></City>
          <County xsi:nil="true"></County>
          <Country xsi:nil="true"></Country>
          <Fax xsi:nil="true"></Fax>
          <FreightTermsCode xsi:nil="true"></FreightTermsCode>
          <ImportSequenceNumber xsi:nil="true"></ImportSequenceNumber>
          <Latitude xsi:nil="true"></Latitude>
          <Line1 xsi:nil="true"></Line1>
          <Line2 xsi:nil="true"></Line2>
          <Line3 xsi:nil="true"></Line3>
          <Longitude xsi:nil="true"></Longitude>
          <Name xsi:nil="true"></Name>
          <PostalCode xsi:nil="true"></PostalCode>
          <PostOfficeBox xsi:nil="true"></PostOfficeBox>
          <PrimaryContactName xsi:nil="true"></PrimaryContactName>
          <ShippingMethodCode>1</ShippingMethodCode>
          <StateOrProvince xsi:nil="true"></StateOrProvince>
          <Telephone1 xsi:nil="true"></Telephone1>
          <Telephone2 xsi:nil="true"></Telephone2>
          <Telephone3 xsi:nil="true"></Telephone3>
          <TimeZoneRuleVersionNumber xsi:nil="true"></TimeZoneRuleVersionNumber>
          <UPSZone xsi:nil="true"></UPSZone>
          <UTCOffset xsi:nil="true"></UTCOffset>
          <UTCConversionTimeZoneCode xsi:nil="true"></UTCConversionTimeZoneCode>
        </Address>
        <Address>
          <AddressNumber>2</AddressNumber>
          <AddressTypeCode>1</AddressTypeCode>
          <City xsi:nil="true"></City>
          <County xsi:nil="true"></County>
          <Country xsi:nil="true"></Country>
          <Fax xsi:nil="true"></Fax>
          <FreightTermsCode xsi:nil="true"></FreightTermsCode>
          <ImportSequenceNumber xsi:nil="true"></ImportSequenceNumber>
          <Latitude xsi:nil="true"></Latitude>
          <Line1 xsi:nil="true"></Line1>
          <Line2 xsi:nil="true"></Line2>
          <Line3 xsi:nil="true"></Line3>
          <Longitude xsi:nil="true"></Longitude>
          <Name xsi:nil="true"></Name>
          <PostalCode xsi:nil="true"></PostalCode>
          <PostOfficeBox xsi:nil="true"></PostOfficeBox>
          <PrimaryContactName xsi:nil="true"></PrimaryContactName>
          <ShippingMethodCode>1</ShippingMethodCode>
          <StateOrProvince xsi:nil="true"></StateOrProvince>
          <Telephone1 xsi:nil="true"></Telephone1>
          <Telephone2 xsi:nil="true"></Telephone2>
          <Telephone3 xsi:nil="true"></Telephone3>
          <TimeZoneRuleVersionNumber xsi:nil="true"></TimeZoneRuleVersionNumber>
          <UPSZone xsi:nil="true"></UPSZone>
          <UTCOffset xsi:nil="true"></UTCOffset>
          <UTCConversionTimeZoneCode xsi:nil="true"></UTCConversionTimeZoneCode>
        </Address>
      </Addresses>
    </Publisher>
    <RootComponents>
      <RootComponent type="1" schemaName="msdyn_channelprovider" behavior="2" />
      <RootComponent type="1" schemaName="phonecall" behavior="1" />
      <RootComponent type="1" schemaName="msdyn_ciprovider" behavior="2" />
      <RootComponent type="80" schemaName="msdyn_ChannelIntegrationFrameworkApp" behavior="0" />
    </RootComponents>
    <MissingDependencies>
      <MissingDependency>
        <Required key="23" type="60" displayName="Phone Call for Interactive experience" parentDisplayName="Phone Call" solution="msdynce_Activities (9.0.1.2033)" id="{cdc622ea-2a17-4cc3-9605-44564d56cea7}" />
        <Dependent key="23" type="60" displayName="Phone Call for Interactive experience" parentDisplayName="Phone Call" id="{cdc622ea-2a17-4cc3-9605-44564d56cea7}" />
      </MissingDependency>
      <MissingDependency>
        <Required key="24" type="80" schemaName="msdyn_ChannelIntegrationFrameworkApp" displayName="Channel Integration Framework" solution="ChannelAPIIntegrationFramework (9.1.0.291)" />
        <Dependent key="24" type="80" schemaName="msdyn_ChannelIntegrationFrameworkApp" displayName="Channel Integration Framework" />
      </MissingDependency>
    </MissingDependencies>
  </SolutionManifest>
</ImportExportXml>